{
  "species": "minke",
  "n_records": 18,
  "water_temps_C": [
    -2.0,
    0.0,
    5.0,
    10.0,
    15.0,
    20.0,
    25.0,
    28.0,
    30.0
  ],
  "records": [
    {
      "species": "minke",
      "T_water_C": -2.0,
      "ceiling_label": "fmr_nominal",
      "C_ceiling_W": 3118.0000000000005,
      "scope_factor": 1.201821784252074,
      "kleiber_bmr_W": 2594.394643911714,
      "q_loss_defended_W": 5701.191128470065,
      "q_met_defended_W": 3118.0000000000005,
      "q_perf_defended_W": 2582.8053468714706,
      "core_defended_C": 34.698263413277914,
      "deep_body_defended_C": 35.226026570845306,
      "setpoint_C": 35.0,
      "core_min_guard_C": 28.0,
      "status": "core_falls",
      "Ta_emergent_C": 17.9453125,
      "core_emergent_C": 17.9854503705846,
      "deep_body_emergent_C": 18.172789410682924,
      "q_loss_emergent_W": 3120.611727842925,
      "n_solver_evals": 7,
      "core_below_guard": true,
      "case_wall_s": 651.1,
      "case_total_evals": 8
    },
    {
      "species": "minke",
      "T_water_C": -2.0,
      "ceiling_label": "kleiber_x4.0",
      "C_ceiling_W": 10377.578575646856,
      "scope_factor": 4.0,
      "kleiber_bmr_W": 2594.394643911714,
      "q_loss_defended_W": 5701.191128470065,
      "q_met_defended_W": 3118.0000000000005,
      "q_perf_defended_W": 2582.8053468714706,
      "core_defended_C": 34.698263413277914,
      "deep_body_defended_C": 35.226026570845306,
      "setpoint_C": 35.0,
      "core_min_guard_C": 28.0,
      "status": "holds",
      "Ta_emergent_C": 35.0,
      "core_emergent_C": 34.698263413277914,
      "deep_body_emergent_C": 35.226026570845306,
      "q_loss_emergent_W": 5701.191128470065,
      "n_solver_evals": 0,
      "core_below_guard": false,
      "case_wall_s": 651.1,
      "case_total_evals": 8
    },
    {
      "species": "minke",
      "T_water_C": 0.0,
      "ceiling_label": "fmr_nominal",
      "C_ceiling_W": 3118.0000000000005,
      "scope_factor": 1.201821784252074,
      "kleiber_bmr_W": 2594.394643911714,
      "q_loss_defended_W": 5435.030987255753,
      "q_met_defended_W": 3118.0000000000005,
      "q_perf_defended_W": 2316.7494961731045,
      "core_defended_C": 34.7431220177794,
      "deep_body_defended_C": 35.22590594919723,
      "setpoint_C": 35.0,
      "core_min_guard_C": 28.0,
      "status": "core_falls",
      "Ta_emergent_C": 19.6875,
      "core_emergent_C": 19.73286121623778,
      "deep_body_emergent_C": 19.914610860174037,
      "q_loss_emergent_W": 3101.677467029475,
      "n_solver_evals": 4,
      "core_below_guard": true,
      "case_wall_s": 522.0,
      "case_total_evals": 5
    },
    {
      "species": "minke",
      "T_water_C": 0.0,
      "ceiling_label": "kleiber_x4.0",
      "C_ceiling_W": 10377.578575646856,
      "scope_factor": 4.0,
      "kleiber_bmr_W": 2594.394643911714,
      "q_loss_defended_W": 5435.030987255753,
      "q_met_defended_W": 3118.0000000000005,
      "q_perf_defended_W": 2316.7494961731045,
      "core_defended_C": 34.7431220177794,
      "deep_body_defended_C": 35.22590594919723,
      "setpoint_C": 35.0,
      "core_min_guard_C": 28.0,
      "status": "holds",
      "Ta_emergent_C": 35.0,
      "core_emergent_C": 34.7431220177794,
      "deep_body_emergent_C": 35.22590594919723,
      "q_loss_emergent_W": 5435.030987255753,
      "n_solver_evals": 0,
      "core_below_guard": false,
      "case_wall_s": 522.0,
      "case_total_evals": 5
    },
    {
      "species": "minke",
      "T_water_C": 5.0,
      "ceiling_label": "fmr_nominal",
      "C_ceiling_W": 3118.0000000000005,
      "scope_factor": 1.201821784252074,
      "kleiber_bmr_W": 2594.394643911714,
      "q_loss_defended_W": 4972.205914091874,
      "q_met_defended_W": 3118.0000000000005,
      "q_perf_defended_W": 1854.1750399529376,
      "core_defended_C": 34.86922079294544,
      "deep_body_defended_C": 35.2256058258871,
      "setpoint_C": 35.0,
      "core_min_guard_C": 28.0,
      "status": "core_falls",
      "Ta_emergent_C": 23.75,
      "core_emergent_C": 23.814192141847286,
      "deep_body_emergent_C": 23.976648531958347,
      "q_loss_emergent_W": 3142.6508799439707,
      "n_solver_evals": 3,
      "core_below_guard": true,
      "case_wall_s": 434.8,
      "case_total_evals": 4
    },
    {
      "species": "minke",
      "T_water_C": 5.0,
      "ceiling_label": "kleiber_x4.0",
      "C_ceiling_W": 10377.578575646856,
      "scope_factor": 4.0,
      "kleiber_bmr_W": 2594.394643911714,
      "q_loss_defended_W": 4972.205914091874,
      "q_met_defended_W": 3118.0000000000005,
      "q_perf_defended_W": 1854.1750399529376,
      "core_defended_C": 34.86922079294544,
      "deep_body_defended_C": 35.2256058258871,
      "setpoint_C": 35.0,
      "core_min_guard_C": 28.0,
      "status": "holds",
      "Ta_emergent_C": 35.0,
      "core_emergent_C": 34.86922079294544,
      "deep_body_emergent_C": 35.2256058258871,
      "q_loss_emergent_W": 4972.205914091874,
      "n_solver_evals": 0,
      "core_below_guard": false,
      "case_wall_s": 434.8,
      "case_total_evals": 4
    },
    {
      "species": "minke",
      "T_water_C": 10.0,
      "ceiling_label": "fmr_nominal",
      "C_ceiling_W": 3118.0000000000005,
      "scope_factor": 1.201821784252074,
      "kleiber_bmr_W": 2594.394643911714,
      "q_loss_defended_W": 4912.991911127632,
      "q_met_defended_W": 3118.0000000000005,
      "q_perf_defended_W": 1794.981724523838,
      "core_defended_C": 34.99026037016523,
      "deep_body_defended_C": 35.22210066334708,
      "setpoint_C": 35.0,
      "core_min_guard_C": 28.0,
      "status": "core_falls",
      "Ta_emergent_C": 25.625,
      "core_emergent_C": 25.73786451845939,
      "deep_body_emergent_C": 25.847281032943613,
      "q_loss_emergent_W": 3099.785864292573,
      "n_solver_evals": 3,
      "core_below_guard": true,
      "case_wall_s": 450.9,
      "case_total_evals": 4
    },
    {
      "species": "minke",
      "T_water_C": 10.0,
      "ceiling_label": "kleiber_x4.0",
      "C_ceiling_W": 10377.578575646856,
      "scope_factor": 4.0,
      "kleiber_bmr_W": 2594.394643911714,
      "q_loss_defended_W": 4912.991911127632,
      "q_met_defended_W": 3118.0000000000005,
      "q_perf_defended_W": 1794.981724523838,
      "core_defended_C": 34.99026037016523,
      "deep_body_defended_C": 35.22210066334708,
      "setpoint_C": 35.0,
      "core_min_guard_C": 28.0,
      "status": "holds",
      "Ta_emergent_C": 35.0,
      "core_emergent_C": 34.99026037016523,
      "deep_body_emergent_C": 35.22210066334708,
      "q_loss_emergent_W": 4912.991911127632,
      "n_solver_evals": 0,
      "core_below_guard": false,
      "case_wall_s": 450.9,
      "case_total_evals": 4
    },
    {
      "species": "minke",
      "T_water_C": 15.0,
      "ceiling_label": "fmr_nominal",
      "C_ceiling_W": 3118.0000000000005,
      "scope_factor": 1.201821784252074,
      "kleiber_bmr_W": 2594.394643911714,
      "q_loss_defended_W": 4418.203795780366,
      "q_met_defended_W": 3118.0000000000005,
      "q_perf_defended_W": 1300.195691362377,
      "core_defended_C": 35.06276847971344,
      "deep_body_defended_C": 35.218710719684566,
      "setpoint_C": 35.0,
      "core_min_guard_C": 28.0,
      "status": "core_falls",
      "Ta_emergent_C": 29.0625,
      "core_emergent_C": 29.191262319983082,
      "deep_body_emergent_C": 29.28126168676232,
      "q_loss_emergent_W": 3127.3391155113977,
      "n_solver_evals": 6,
      "core_below_guard": false,
      "case_wall_s": 613.9,
      "case_total_evals": 7
    },
    {
      "species": "minke",
      "T_water_C": 15.0,
      "ceiling_label": "kleiber_x4.0",
      "C_ceiling_W": 10377.578575646856,
      "scope_factor": 4.0,
      "kleiber_bmr_W": 2594.394643911714,
      "q_loss_defended_W": 4418.203795780366,
      "q_met_defended_W": 3118.0000000000005,
      "q_perf_defended_W": 1300.195691362377,
      "core_defended_C": 35.06276847971344,