{
  "species": "humpback",
  "n_records": 18,
  "water_temps_C": [
    -2.0,
    0.0,
    5.0,
    10.0,
    15.0,
    20.0,
    25.0,
    28.0,
    30.0
  ],
  "records": [
    {
      "species": "humpback",
      "T_water_C": -2.0,
      "ceiling_label": "fmr_nominal",
      "C_ceiling_W": 3864.0,
      "scope_factor": 0.5000157307108376,
      "kleiber_bmr_W": 7727.756873782391,
      "q_loss_defended_W": 25894.666423754086,
      "q_met_defended_W": 3864.0,
      "q_perf_defended_W": 22029.571184286415,
      "core_defended_C": 35.599141817672034,
      "deep_body_defended_C": 36.04309001781644,
      "setpoint_C": 36.0,
      "core_min_guard_C": 28.0,
      "status": "core_falls",
      "Ta_emergent_C": 3.4921875,
      "core_emergent_C": 3.508238076918815,
      "deep_body_emergent_C": 3.5657049498807396,
      "q_loss_emergent_W": 3835.43730983573,
      "n_solver_evals": 8,
      "core_below_guard": true,
      "case_wall_s": 576.5,
      "case_total_evals": 9
    },
    {
      "species": "humpback",
      "T_water_C": -2.0,
      "ceiling_label": "kleiber_x4.0",
      "C_ceiling_W": 30911.027495129565,
      "scope_factor": 4.0,
      "kleiber_bmr_W": 7727.756873782391,
      "q_loss_defended_W": 25894.666423754086,
      "q_met_defended_W": 3864.0,
      "q_perf_defended_W": 22029.571184286415,
      "core_defended_C": 35.599141817672034,
      "deep_body_defended_C": 36.04309001781644,
      "setpoint_C": 36.0,
      "core_min_guard_C": 28.0,
      "status": "holds",
      "Ta_emergent_C": 36.0,
      "core_emergent_C": 35.599141817672034,
      "deep_body_emergent_C": 36.04309001781644,
      "q_loss_emergent_W": 25894.666423754086,
      "n_solver_evals": 0,
      "core_below_guard": false,
      "case_wall_s": 576.5,
      "case_total_evals": 9
    },
    {
      "species": "humpback",
      "T_water_C": 0.0,
      "ceiling_label": "fmr_nominal",
      "C_ceiling_W": 3864.0,
      "scope_factor": 0.5000157307108376,
      "kleiber_bmr_W": 7727.756873782391,
      "q_loss_defended_W": 24538.348793549252,
      "q_met_defended_W": 3864.0,
      "q_perf_defended_W": 20673.299548798586,
      "core_defended_C": 35.62482195326345,
      "deep_body_defended_C": 36.04401992612844,
      "setpoint_C": 36.0,
      "core_min_guard_C": 28.0,
      "status": "core_falls",
      "Ta_emergent_C": 5.484375,
      "core_emergent_C": 5.50050947464166,
      "deep_body_emergent_C": 5.557898711234429,
      "q_loss_emergent_W": 3830.235386942979,
      "n_solver_evals": 8,
      "core_below_guard": true,
      "case_wall_s": 569.5,
      "case_total_evals": 9
    },
    {
      "species": "humpback",
      "T_water_C": 0.0,
      "ceiling_label": "kleiber_x4.0",
      "C_ceiling_W": 30911.027495129565,
      "scope_factor": 4.0,
      "kleiber_bmr_W": 7727.756873782391,
      "q_loss_defended_W": 24538.348793549252,
      "q_met_defended_W": 3864.0,
      "q_perf_defended_W": 20673.299548798586,
      "core_defended_C": 35.62482195326345,
      "deep_body_defended_C": 36.04401992612844,
      "setpoint_C": 36.0,
      "core_min_guard_C": 28.0,
      "status": "holds",
      "Ta_emergent_C": 36.0,
      "core_emergent_C": 35.62482195326345,
      "deep_body_emergent_C": 36.04401992612844,
      "q_loss_emergent_W": 24538.348793549252,
      "n_solver_evals": 0,
      "core_below_guard": false,
      "case_wall_s": 569.5,
      "case_total_evals": 9
    },
    {
      "species": "humpback",
      "T_water_C": 5.0,
      "ceiling_label": "fmr_nominal",
      "C_ceiling_W": 3864.0,
      "scope_factor": 0.5000157307108376,
      "kleiber_bmr_W": 7727.756873782391,
      "q_loss_defended_W": 21153.726159388807,
      "q_met_defended_W": 3864.0,
      "q_perf_defended_W": 17288.851234640537,
      "core_defended_C": 35.689206269542694,
      "deep_body_defended_C": 36.046634063291094,
      "setpoint_C": 36.0,
      "core_min_guard_C": 28.0,
      "status": "core_falls",
      "Ta_emergent_C": 10.5703125,
      "core_emergent_C": 10.585343309674215,
      "deep_body_emergent_C": 10.64377234435267,
      "q_loss_emergent_W": 3890.0224075733963,
      "n_solver_evals": 7,
      "core_below_guard": true,
      "case_wall_s": 539.5,
      "case_total_evals": 8
    },
    {
      "species": "humpback",
      "T_water_C": 5.0,
      "ceiling_label": "kleiber_x4.0",
      "C_ceiling_W": 30911.027495129565,
      "scope_factor": 4.0,
      "kleiber_bmr_W": 7727.756873782391,
      "q_loss_defended_W": 21153.726159388807,
      "q_met_defended_W": 3864.0,
      "q_perf_defended_W": 17288.851234640537,
      "core_defended_C": 35.689206269542694,
      "deep_body_defended_C": 36.046634063291094,
      "setpoint_C": 36.0,
      "core_min_guard_C": 28.0,
      "status": "holds",
      "Ta_emergent_C": 36.0,
      "core_emergent_C": 35.689206269542694,
      "deep_body_emergent_C": 36.046634063291094,
      "q_loss_emergent_W": 21153.726159388807,
      "n_solver_evals": 0,
      "core_below_guard": false,
      "case_wall_s": 539.5,
      "case_total_evals": 8
    },
    {
      "species": "humpback",
      "T_water_C": 10.0,
      "ceiling_label": "fmr_nominal",
      "C_ceiling_W": 3864.0,
      "scope_factor": 0.5000157307108376,
      "kleiber_bmr_W": 7727.756873782391,
      "q_loss_defended_W": 17811.162544206298,
      "q_met_defended_W": 3864.0,
      "q_perf_defended_W": 13946.483449783578,
      "core_defended_C": 35.754835175659935,
      "deep_body_defended_C": 36.04946092167302,
      "setpoint_C": 36.0,
      "core_min_guard_C": 28.0,
      "status": "core_falls",
      "Ta_emergent_C": 15.484375,
      "core_emergent_C": 15.500510683032871,
      "deep_body_emergent_C": 15.557898713926988,
      "q_loss_emergent_W": 3842.3548535200352,
      "n_solver_evals": 7,
      "core_below_guard": true,
      "case_wall_s": 532.6,
      "case_total_evals": 8
    },
    {
      "species": "humpback",
      "T_water_C": 10.0,
      "ceiling_label": "kleiber_x4.0",
      "C_ceiling_W": 30911.027495129565,
      "scope_factor": 4.0,
      "kleiber_bmr_W": 7727.756873782391,
      "q_loss_defended_W": 17811.162544206298,
      "q_met_defended_W": 3864.0,
      "q_perf_defended_W": 13946.483449783578,
      "core_defended_C": 35.754835175659935,
      "deep_body_defended_C": 36.04946092167302,
      "setpoint_C": 36.0,
      "core_min_guard_C": 28.0,
      "status": "holds",
      "Ta_emergent_C": 36.0,
      "core_emergent_C": 35.754835175659935,
      "deep_body_emergent_C": 36.04946092167302,
      "q_loss_emergent_W": 17811.162544206298,
      "n_solver_evals": 0,
      "core_below_guard": false,
      "case_wall_s": 532.6,
      "case_total_evals": 8
    },
    {
      "species": "humpback",
      "T_water_C": 15.0,
      "ceiling_label": "fmr_nominal",
      "C_ceiling_W": 3864.0,
      "scope_factor": 0.5000157307108376,
      "kleiber_bmr_W": 7727.756873782391,
      "q_loss_defended_W": 14706.536282081132,
      "q_met_defended_W": 3864.0,
      "q_perf_defended_W": 10842.20049062575,
      "core_defended_C": 35.82654796603987,
      "deep_body_defended_C": 36.053328473419754,
      "setpoint_C": 36.0,
      "core_min_guard_C": 28.0,
      "status": "core_falls",
      "Ta_emergent_C": 20.4140625,
      "core_emergent_C": 20.43112797466165,
      "deep_body_emergent_C": 20.487681482044763,
      "q_loss_emergent_W": 3870.114982077201,
      "n_solver_evals": 7,
      "core_below_guard": true,
      "case_wall_s": 536.7,
      "case_total_evals": 8
    },
    {
      "species": "humpback",
      "T_water_C": 15.0,
      "ceiling_label": "kleiber_x4.0",
      "C_ceiling_W": 30911.027495129565,
      "scope_factor": 4.0,
      "kleiber_bmr_W": 7727.756873782391,
      "q_loss_defended_W": 14706.536282081132,
      "q_met_defended_W": 3864.0,
      "q_perf_defended_W": 10842.20049062575,
      "core_defended_C": 35.82654796603987,
      "deep_body_defended_C": 36.053328473419754,
      "setpoint_C": 36.0,
      "core_min_guard_C": 28.0,
      "status": "holds",