{
  "species": "bowhead",
  "n_records": 18,
  "water_temps_C": [
    -2.0,
    0.0,
    5.0,
    10.0,
    15.0,
    20.0,
    25.0,
    28.0,
    30.0
  ],
  "records": [
    {
      "species": "bowhead",
      "T_water_C": -2.0,
      "ceiling_label": "fmr_nominal",
      "C_ceiling_W": 8095.999999999999,
      "scope_factor": 0.5020425192394082,
      "kleiber_bmr_W": 16126.1241622829,
      "q_loss_defended_W": 20100.57177380333,
      "q_met_defended_W": 8095.999999999999,
      "q_perf_defended_W": 11848.426963641083,
      "core_defended_C": 33.90684332628729,
      "deep_body_defended_C": 34.054735900785886,
      "setpoint_C": 33.8,
      "core_min_guard_C": 28.0,
      "status": "core_falls",
      "Ta_emergent_C": 12.543749999999932,
      "core_emergent_C": 12.687792757237617,
      "deep_body_emergent_C": 12.802120600271223,
      "q_loss_emergent_W": 8160.77288075114,
      "n_solver_evals": 5,
      "core_below_guard": true,
      "case_wall_s": 508.8,
      "case_total_evals": 6
    },
    {
      "species": "bowhead",
      "T_water_C": -2.0,
      "ceiling_label": "kleiber_x4.0",
      "C_ceiling_W": 64504.4966491316,
      "scope_factor": 4.0,
      "kleiber_bmr_W": 16126.1241622829,
      "q_loss_defended_W": 20100.57177380333,
      "q_met_defended_W": 8095.999999999999,
      "q_perf_defended_W": 11848.426963641083,
      "core_defended_C": 33.90684332628729,
      "deep_body_defended_C": 34.054735900785886,
      "setpoint_C": 33.8,
      "core_min_guard_C": 28.0,
      "status": "holds",
      "Ta_emergent_C": 33.8,
      "core_emergent_C": 33.90684332628729,
      "deep_body_emergent_C": 34.054735900785886,
      "q_loss_emergent_W": 20100.57177380333,
      "n_solver_evals": 0,
      "core_below_guard": false,
      "case_wall_s": 508.8,
      "case_total_evals": 6
    },
    {
      "species": "bowhead",
      "T_water_C": 0.0,
      "ceiling_label": "fmr_nominal",
      "C_ceiling_W": 8095.999999999999,
      "scope_factor": 0.5020425192394082,
      "kleiber_bmr_W": 16126.1241622829,
      "q_loss_defended_W": 21944.127052160973,
      "q_met_defended_W": 8095.999999999999,
      "q_perf_defended_W": 13700.808442739934,
      "core_defended_C": 33.92131412442416,
      "deep_body_defended_C": 34.05510004102666,
      "setpoint_C": 33.8,
      "core_min_guard_C": 28.0,
      "status": "core_falls",
      "Ta_emergent_C": 12.410937499999932,
      "core_emergent_C": 12.558109385479327,
      "deep_body_emergent_C": 12.669094477311887,
      "q_loss_emergent_W": 8051.795915482693,
      "n_solver_evals": 7,
      "core_below_guard": true,
      "case_wall_s": 589.0,
      "case_total_evals": 8
    },
    {
      "species": "bowhead",
      "T_water_C": 0.0,
      "ceiling_label": "kleiber_x4.0",
      "C_ceiling_W": 64504.4966491316,
      "scope_factor": 4.0,
      "kleiber_bmr_W": 16126.1241622829,
      "q_loss_defended_W": 21944.127052160973,
      "q_met_defended_W": 8095.999999999999,
      "q_perf_defended_W": 13700.808442739934,
      "core_defended_C": 33.92131412442416,
      "deep_body_defended_C": 34.05510004102666,
      "setpoint_C": 33.8,
      "core_min_guard_C": 28.0,
      "status": "holds",
      "Ta_emergent_C": 33.8,
      "core_emergent_C": 33.92131412442416,
      "deep_body_emergent_C": 34.05510004102666,
      "q_loss_emergent_W": 21944.127052160973,
      "n_solver_evals": 0,
      "core_below_guard": false,
      "case_wall_s": 589.0,
      "case_total_evals": 8
    },
    {
      "species": "bowhead",
      "T_water_C": 5.0,
      "ceiling_label": "fmr_nominal",
      "C_ceiling_W": 8095.999999999999,
      "scope_factor": 0.5020425192394082,
      "kleiber_bmr_W": 16126.1241622829,
      "q_loss_defended_W": 22864.409103644306,
      "q_met_defended_W": 8095.999999999999,
      "q_perf_defended_W": 14642.991464244473,
      "core_defended_C": 33.93330199295184,
      "deep_body_defended_C": 34.05459790547161,
      "setpoint_C": 33.8,
      "core_min_guard_C": 28.0,
      "status": "core_falls",
      "Ta_emergent_C": 15.125,
      "core_emergent_C": 15.271708213446516,
      "deep_body_emergent_C": 15.382355838345347,
      "q_loss_emergent_W": 8034.765557443199,
      "n_solver_evals": 7,
      "core_below_guard": true,
      "case_wall_s": 597.2,
      "case_total_evals": 8
    },
    {
      "species": "bowhead",
      "T_water_C": 5.0,
      "ceiling_label": "kleiber_x4.0",
      "C_ceiling_W": 64504.4966491316,
      "scope_factor": 4.0,
      "kleiber_bmr_W": 16126.1241622829,
      "q_loss_defended_W": 22864.409103644306,
      "q_met_defended_W": 8095.999999999999,
      "q_perf_defended_W": 14642.991464244473,
      "core_defended_C": 33.93330199295184,
      "deep_body_defended_C": 34.05459790547161,
      "setpoint_C": 33.8,
      "core_min_guard_C": 28.0,
      "status": "holds",
      "Ta_emergent_C": 33.8,
      "core_emergent_C": 33.93330199295184,
      "deep_body_emergent_C": 34.05459790547161,
      "q_loss_emergent_W": 22864.409103644306,
      "n_solver_evals": 0,
      "core_below_guard": false,
      "case_wall_s": 597.2,
      "case_total_evals": 8
    },
    {
      "species": "bowhead",
      "T_water_C": 10.0,
      "ceiling_label": "fmr_nominal",
      "C_ceiling_W": 8095.999999999999,
      "scope_factor": 0.5020425192394082,
      "kleiber_bmr_W": 16126.1241622829,
      "q_loss_defended_W": 19690.634879064724,
      "q_met_defended_W": 8095.999999999999,
      "q_perf_defended_W": 11491.050650642363,
      "core_defended_C": 33.93717458371259,
      "deep_body_defended_C": 34.05507293187577,
      "setpoint_C": 33.8,
      "core_min_guard_C": 28.0,
      "status": "core_falls",
      "Ta_emergent_C": 19.854687499999955,
      "core_emergent_C": 20.000837309471024,
      "deep_body_emergent_C": 20.112093051261354,
      "q_loss_emergent_W": 8147.664801830024,
      "n_solver_evals": 7,
      "core_below_guard": true,
      "case_wall_s": 589.0,
      "case_total_evals": 8
    },
    {
      "species": "bowhead",
      "T_water_C": 10.0,
      "ceiling_label": "kleiber_x4.0",
      "C_ceiling_W": 64504.4966491316,
      "scope_factor": 4.0,
      "kleiber_bmr_W": 16126.1241622829,
      "q_loss_defended_W": 19690.634879064724,
      "q_met_defended_W": 8095.999999999999,
      "q_perf_defended_W": 11491.050650642363,
      "core_defended_C": 33.93717458371259,
      "deep_body_defended_C": 34.05507293187577,
      "setpoint_C": 33.8,
      "core_min_guard_C": 28.0,
      "status": "holds",
      "Ta_emergent_C": 33.8,
      "core_emergent_C": 33.93717458371259,
      "deep_body_emergent_C": 34.05507293187577,
      "q_loss_emergent_W": 19690.634879064724,
      "n_solver_evals": 0,
      "core_below_guard": false,
      "case_wall_s": 589.0,
      "case_total_evals": 8
    },
    {
      "species": "bowhead",
      "T_water_C": 15.0,
      "ceiling_label": "fmr_nominal",
      "C_ceiling_W": 8095.999999999999,
      "scope_factor": 0.5020425192394082,
      "kleiber_bmr_W": 16126.1241622829,
      "q_loss_defended_W": 15652.44600093185,
      "q_met_defended_W": 8095.999999999999,
      "q_perf_defended_W": 7474.680290454073,
      "core_defended_C": 33.940378247206354,
      "deep_body_defended_C": 34.056419784983234,
      "setpoint_C": 33.8,
      "core_min_guard_C": 28.0,
      "status": "core_falls",
      "Ta_emergent_C": 24.693749999999966,
      "core_emergent_C": 24.839891568081896,
      "deep_body_emergent_C": 24.951186275715713,
      "q_loss_emergent_W": 8063.014154076969,
      "n_solver_evals": 6,
      "core_below_guard": true,
      "case_wall_s": 550.7,
      "case_total_evals": 7
    },
    {
      "species": "bowhead",
      "T_water_C": 15.0,
      "ceiling_label": "kleiber_x4.0",
      "C_ceiling_W": 64504.4966491316,
      "scope_factor": 4.0,
      "kleiber_bmr_W": 16126.1241622829,
      "q_loss_defended_W": 15652.44600093185,
      "q_met_defended_W": 8095.999999999999,
      "q_perf_defended_W": 7474.680290454073,