species,common_name,V_m3,A_m2,M_kg,rho_kg_m3,blubber_pct,SA_V_m2_per_m3,A_expected_m2,k_fit,h_eff_W_m2K,tau_h,n_nodes,n_tets
humpback,Humpback Whale,53.13805896370757,123.42585906113594,30000.0,564.5671028459942,12.603951175355315,2.3227393222141175,77.23915076845036,0.12783761378334713,45.47812655301586,8.940738199165779,183386,810902
right_whale,North Atlantic Right Whale,57.94207414730644,118.18975295856981,60000.0,1035.5169517656839,18.82293225803436,2.0397915452266235,122.60950918296845,0.07711620656254119,41.04669611334652,11.280086314211719,200612,904235
blue_whale,Blue Whale,226.08545113162887,305.233625565016,100000.0,442.3106374137235,14.366797871458932,1.3500807948376403,172.35477520255063,0.14167689880657228,42.268074749131834,16.550235964924113,358955,1594059
bowhead,Bowhead Whale,82.21223521270483,144.9098305811027,80000.0,973.0911681578638,35.70964637733035,1.7626309539715421,148.53084267560885,0.07804969148264274,40.85536422058279,13.114928798847727,223442,992965
fin_whale,Fin Whale,112.99087222610186,193.42593131166743,70000.0,619.5190692919476,11.71642189496507,1.7118721849018914,135.8799401793448,0.11388049247379356,41.762933024574714,13.210342852249756,366168,1536480
gray_whale,Gray Whale,33.117584080102404,97.74221563388039,25000.0,754.8859826106825,32.236933644494094,2.951369139653081,68.39903786706786,0.11431998891427732,40.44438996450811,7.912151514140656,124295,542078
sei_whale,Sei Whale,22.55459353018931,70.47738700810126,20000.0,886.7373279518432,12.723725361266318,3.124746491829583,58.94450397824617,0.09565253043318356,41.655286072377514,7.255903626323532,139246,608753
minke,Common Minke Whale,6.829199625334055,28.720463780651517,7000.0,1025.010306336973,14.388658122044706,4.205538768277935,29.274445680183764,0.07848610107099041,42.450958151267415,5.290141375185839,461285,1914181
